{
    "rmse": 0.7170207476311232,
    "mae": 0.5499800037482356,
    "r2": 0.2865407264314531
}