{
    "rmse": 0.6862441737906764,
    "mae": 0.5328257442875386,
    "r2": 0.2964878009237405
}